ikaria lean belly juice	Informational	720	28	4.44	Sitelinks, AI Overview, People also ask, Related searches, Ads middle
ikaria lean belly juice reviews	Informational, Commercial	260	26	2	People also ask, Related searches, Ads bottom
lean belly juice	Informational, Commercial	210	24	4.12	Sitelinks, Image, Video, People also ask, Related searches, Popular products
ikaria lean belly juice review	Informational, Commercial	90	22	2	Sitelinks, AI Overview, People also ask, Related searches
lean belly juice reviews	Commercial	70	19	1.97	AI Overview
ikara lean belly juice	Informational	40	20	4.44	Sitelinks, AI Overview, Related searches, Ads middle
ikaria lean belly juice amazon	Navigational, Transactional	40	19	1.76	Related searches
ikaria lean belly juice official website	Informational	40	10	4.27	People also ask
ikaria lean belly juice reddit	Informational	40	19	2.16	AI Overview
ikaria lean belly juice powder	Informational	30	19	9.11	Sitelinks, Related searches
ikaria lean belly juice reviews 2024	Commercial	30	21	1.96	Sitelinks
lean belly juice ikaria	Informational	30	22	0	Sitelinks, AI Overview, People also ask, Related searches
lean belly juice powder	Informational	30	13	2.83	Sitelinks, AI Overview, Image, Image pack, Video, Discussions and forums, Related searches
does ikaria lean belly juice really work	Commercial	20	16	0	People also ask, Ads bottom
how to use ikaria lean belly juice	Informational	20	11	0	People also ask, Ads bottom
how to use lean belly juice		20		0	
icaria lean belly juice		20		0	
ikaria juice lean belly	Informational	20	21	0	Sitelinks, AI Overview, People also ask
ikaria lean belly fat juice	Informational	20	21	0	Sitelinks, AI Overview, People also ask, Ads bottom, Ads middle
ikaria lean belly juice benefits	Commercial	20	14	0	Sitelinks, People also ask, Related searches
ikaria lean belly juice customer reviews	Commercial	20	10	0	
ikaria lean belly juice directions	Informational	20	21	0	People also ask, Related searches
ikaria lean belly juice ingredients	Informational	20	24	1.56	Sitelinks, People also ask, Related searches
ikaria lean belly juice near me		20		0	
ikaria lean belly juice negative reviews	Commercial	20	17	0	People also ask
ikaria lean belly juice official site		20		0	
ikaria lean belly juice powder review		20		1.18	
ikaria lean belly juice recipe		20		0	
ikaria lean belly juice reviews amazon		20		0	
ikaria lean belly juice reviews reddit		20		0	
ikaria lean belly juice walmart		20		2.15	
ikaria lean belly juice website		20		0	
ikaria lean belly juice where to buy		20		0	
ingredients in ikaria lean belly juice		20		0	
is ikaria lean belly juice a scam		20		0	
juice wrld lean belly		20		0	
lean belly juice amazon		20		2.37	
lean belly juice amazon reviews		20		0	
lean belly juice com		20		0	
lean belly juice how to use		20		0	
lean belly juice ikaria reviews		20		0	
lean belly juice ingredients		20		0.84	
lean belly juice powder reviews		20		1.84	
lean belly juice real reviews		20		0	
lean belly juice walmart		20		0	
reviews ikaria lean belly juice		20		0	
reviews lean belly juice		20		0	
reviews of ikaria lean belly juice		20		0	
reviews on ikaria lean belly juice		20		0	
the ikaria lean belly juice		20		0	
what are the ingredients in ikaria lean belly juice		20		0	
what is ikaria lean belly juice		20		0.95	
what is lean belly juice		20		1.11	
where can i buy ikaria lean belly juice		20		0	
where to buy ikaria lean belly juice		20		0	
amazon ikaria lean belly juice		10		0	
ark labs lean belly juice		10		0	
benefits of ikaria lean belly juice		10		0	
buy ikaria lean belly juice		10		0	
does ikaria lean belly juice actually work		10		0	
does lean belly juice actually work		10		0	
does lean belly juice really work		10		0	
how does ikaria lean belly juice work		10		0	
how does lean belly juice work		10		0	
how to take ikaria lean belly juice		10		0	
how to take lean belly juice		10		0	
ikaria lean belly juice amazon reviews		10		0	
ikaria lean belly juice before and after		10		0	
ikaria lean belly juice buy		10		0	
ikaria lean belly juice chemist warehouse		10		0	
ikaria lean belly juice contact number		10		0	
ikaria lean belly juice does it really work		10		0	
ikaria lean belly juice does it work		10		0	
ikaria lean belly juice drink		10		0	
ikaria lean belly juice drink supplement		10		0	
ikaria lean belly juice ebay		10		0	
ikaria lean belly juice for sale		10		0	
ikaria lean belly juice how to use		10		0	
ikaria lean belly juice independent reviews		10		0	
ikaria lean belly juice ingredients list		10		0	
ikaria lean belly juice legit		10		0	
ikaria lean belly juice medical reviews		10		0	
ikaria lean belly juice on amazon		10		0	
ikaria lean belly juice phone number		10		0	
ikaria lean belly juice price		10		0	
ikaria lean belly juice real reviews		10		0	
ikaria lean belly juice really work		10		0	
ikaria lean belly juice reviews 2023		10		0	
ikaria lean belly juice reviews 2026		10		0	
ikaria lean belly juice reviews trustpilot		10		0	
ikaria lean belly juice safe		10		0	
ikaria lean belly juice side effects		10		0	
ikaria lean belly juice stores		10		0	
ikaria lean belly juice supplement		10		0	
ikaria lean belly juice webmd		10		0	
ikaria lean belly juice weight loss		10		0	
ikaria lean belly juice work		10		0	
ikea lean belly juice		10		0	
ingredients in lean belly juice		10		0	
is ikaria lean belly juice legitimate		10		0	
is ikaria lean belly juice safe		10		0	
is lean belly juice legitimate		10		0	
lean belly fat juice		10		0	
lean belly juice bad reviews		10		0	
lean belly juice bbb		10		0	
lean belly juice by ikaria		10		0	
lean belly juice com reviews		10		0	
lean belly juice customer service number		10		0	
lean belly juice directions		10		0	
lean belly juice does it work		10		0	
lean belly juice ingredients list		10		0	
lean belly juice official website		10		0	
lean belly juice phone number		10		0	
lean belly juice price		10		0	
lean belly juice recipes		10		0	
lean belly juice reddit		10		0	
lean belly juice review		10		2.56	
lean belly juice video		10		0	
phone number for ikaria lean belly juice		10		0	
phone number for lean belly juice		10		0	
reviews for ikaria lean belly juice		10		0	
reviews for lean belly juice		10		0	
reviews of lean belly juice		10		0	
reviews on lean belly juice		10		0	
side effects of ikaria lean belly juice		10		0	
the ikaria lean belly juice reviews		10		0	
walmart ikaria lean belly juice		10		0	
what is in ikaria lean belly juice		10		0	
when to take ikaria lean belly juice		10		0	
where can i buy lean belly juice		10		0	
where to buy lean belly juice		10		0	
2 pack ikaria lean belly juice drink supplement 21+g/each		0		0	
2 pack ikaria lean belly juice drink supplement 21+g/each reviews		0		0	
2 pack ikaria lean belly juice drink supplement 21g each		0		0	
2 pack ikaria lean belly juice drink supplement 21g/each		0		0	
2 pack ikaria lean belly juice drink supplement 21g/each reviews		0		0	
acharya lean belly juice		0		0	
akari lean belly juice		0		0	
akaria lean belly juice		0		5.93	
akira lean belly juice		0		0	
bad reviews on ikaria lean belly juice		0		0	
belly lean juice		0		0	
best time to take ikaria lean belly juice		0		0	
best time to take lean belly juice		0		0	
biocarm lean belly juice		0		0	
does ikaria lean belly juice have caffeine		0		0	
does ikaria lean belly juice work		0		0	
does lean belly juice work		0		1.28	
gnc ikaria lean belly juice		0		0	
how do i return my ikaria lean belly juice		0		0	
how do you take ikaria lean belly juice		0		0	
how do you take lean belly juice		0		0	
how to make lean belly juice		0		0	
ikaira lean belly juice		0		5.93	
ikaira lean belly juice reviews		0		0	
ikara lean belly juice reviews		0		0	
ikarea lean belly juice		0		0	
ikari lean belly juice		0		0	
ikaria - lean belly juice		0		5.93	
ikaria - lean belly juice reviews		0		2.78	
ikaria - lean belly juice stores		0		0	
ikaria juice lean belly juice		0		0	
ikaria lean belly juice 2024		0		0	
ikaria lean belly juice a scam		0		0	
ikaria lean belly juice at walmart		0		0	
ikaria lean belly juice australia		0		0	
ikaria lean belly juice bad reviews		0		0	
ikaria lean belly juice bbb		0		0	
ikaria lean belly juice before and after pictures		0		0	
ikaria lean belly juice better business bureau		0		0	
ikaria lean belly juice canada		0		0	
ikaria lean belly juice com		0		0	
ikaria lean belly juice complaints		0		0	
ikaria lean belly juice consumer reports		0		0	
ikaria lean belly juice consumer reviews		0		0	
ikaria lean belly juice costco		0		0	
ikaria lean belly juice coupon		0		0	
ikaria lean belly juice coupon code		0		0	
ikaria lean belly juice customer service		0		0	
ikaria lean belly juice customer service phone number		0		0	
ikaria lean belly juice details		0		0	
ikaria lean belly juice dosage		0		0	
ikaria lean belly juice fda approved		0		0	
ikaria lean belly juice fda-approved		0		0	
ikaria lean belly juice holland and barrett		0		0	
ikaria lean belly juice images		0		0	
ikaria lean belly juice instructions		0		0	
ikaria lean belly juice is it a scam		0		0	
ikaria lean belly juice negative reviews and complaints		0		0	
ikaria lean belly juice powder reviews		0		1.18	
ikaria lean belly juice real		0		0	
ikaria lean belly juice results		0		0	
ikaria lean belly juice return policy		0		0	
ikaria lean belly juice returns		0		0	
ikaria lean belly juice review [unbiased review - 2024]		0		0	
ikaria lean belly juice reviews 2022		0		0	
ikaria lean belly juice reviews 2025		0		0	
ikaria lean belly juice reviews australia		0		0	
ikaria lean belly juice reviews consumer reports		0		0	
ikaria lean belly juice reviews from customers		0		0	
ikaria lean belly juice reviews quora		0		0	
ikaria lean belly juice reviews uk		0		0	
ikaria lean belly juice scam		0		5.93	
ikaria lean belly juice scam or legit		0		0	
ikaria lean belly juice side effects mayo clinic		0		0	
ikaria lean belly juice taste		0		0	
ikaria lean belly juice testimonials		0		0	
ikaria lean belly juice tools		0		0	
ikaria lean belly juice trustpilot		0		0	
ikaria lean belly juice uk		0		0	
ikaria lean belly juice uk reviews		0		0	
ikaria lean belly juice walmart canada		0		0	
ikaria lean belly juice walmart where to buy		0		0	
ikaria lean belly juice when to take		0		0	
ikarian lean belly juice		0		5.93	
ikaris lean belly juice		0		5.93	
ikaris lean belly juice reviews		0		0	
ikatia lean belly juice		0		0	
ikeria lean belly juice		0		5.93	
ilaria lean belly juice		0		0	
ilaria lean belly juice reviews		0		0	
imaria lean belly juice		0		0	
ingredients of ikaria lean belly juice		0		0	
is ikaria lean belly juice a con		0		0	
is ikaria lean belly juice any good		0		0	
is ikaria lean belly juice fda approved		0		0	
is ikaria lean belly juice for real		0		0	
is ikaria lean belly juice legit		0		2.78	
is lean belly juice a scam		0		0	
is lean belly juice fake		0		0	
is lean belly juice legit		0		0	
is lean belly juice safe		0		0	
karia lean belly juice		0		0	
lean belly fat juice reviews		0		0	
lean belly fizzy juice		0		0	
lean belly juice .com		0		0	
lean belly juice a scam		0		0	
lean belly juice avis		0		0	
lean belly juice complaints		0		0	
lean belly juice contact number		0		0	
lean belly juice customer reviews		0		0	
lean belly juice customer service phone number		0		0	
lean belly juice drink supplement		0		0	
lean belly juice drink supplement reviews		0		6.68	
lean belly juice instructions		0		0	
lean belly juice negative reviews		0		0	
lean belly juice on amazon		0		0	
lean belly juice para que sirve		0		0	
lean belly juice recipe		0		0	
lean belly juice refund		0		0	
lean belly juice results		0		0	
lean belly juice returns		0		0	
lean belly juice reviews reddit		0		0	
lean belly juice reviews uk		0		0	
lean belly juice scam		0		0	
lean belly juice side effects		0		0	
lean belly juice when to drink		0		0	
lean belly juice wrld		0		0	
lkaria lean belly juice		0		0	
max lean belly juice		0		0	
raw reds vs ikaria lean belly juice		0		0	
review ikaria lean belly juice		0		0	
review lean belly juice		0		0	
review of ikaria lean belly juice		0		0	
reviews ikaria lean belly juice webmd		0		0	
robert harris lean belly juice		0		0	
should i avoid ikaria lean belly juice		0		0	
side effects of lean belly juice		0		0	
weight loss with ikaria lean belly juice		0		5.93	
what are the ingredients in lean belly juice		0		0	
what does lean belly juice do		0		0	
what does lean belly juice taste like		0		0	
what ingredients are in ikaria lean belly juice		0		0	
what is in lean belly juice		0		0	
what is lean belly juice made of		0		0	
what is the ikaria lean belly juice		0		0	
what is the lean belly juice		0		0	
what's in lean belly juice		0		0	
whats in lean belly juice		0		0	
when is the best time to take lean belly juice		0		0	
when to take lean belly juice		0		0	
where can you buy ikaria lean belly juice		0		0	
